<?xml version='1.0' encoding='UTF-8' ?>
<timeLogEntries>
  <time id="9" path="/Non Project/PSP Fundamentals &amp; Advanced/Program 2/Planning" start="@1539823610112" delta="24" comment="Completar la fase planificación, diseño conceptual y llenar las plantillas necesarias" flag="A" />
  <time id="10" path="/Non Project/PSP Fundamentals &amp; Advanced/Program 2/Design" start="@1539825255313" delta="14" comment="A partir del diseño conceptual completar el diseño." flag="A" />
  <time id="11" path="/Non Project/PSP Fundamentals &amp; Advanced/Program 2/Planning" start="@1539826104724" delta="1" comment="A partir del deiseño conceptual, completar el diseño y corregir errores encontrados" flag="A" />
  <time id="12" path="/Non Project/PSP Fundamentals &amp; Advanced/Program 2/Code" start="@1539826331980" delta="4" comment="Implementar el diseño y corregir errores insertados en fases anteriores." flag="A" />
  <time id="13" path="/Non Project/PSP Fundamentals &amp; Advanced/Program 2/Code" start="@1539827489452" delta="116" comment="Implementar el diseño y corregir errores insertados en fases anteriores." flag="A" />
  <time id="14" path="/Non Project/PSP Fundamentals &amp; Advanced/Program 2/Compile" start="@1539834431146" delta="32" comment="Compilar la solución y corregir errores insertados en la fase Codificación." flag="A" />
  <time id="15" path="/Non Project/PSP Fundamentals &amp; Advanced/Program 2/Test" start="@1539836364929" delta="36" comment="Implementar las pruebas, comprobar que se se correspondan los resultados, Crear el Test Report Template." flag="A" />
  <time id="16" path="/Non Project/PSP Fundamentals &amp; Advanced/Program 2/Postmortem" start="@1539839630973" delta="20" comment="Llenar el tamaño actual en Size Estimated Template, revisar las descripciones de los errores y los tiempos. Llenar el PIP form." flag="A" />
</timeLogEntries>
