<?xml version='1.0' encoding='UTF-8' ?>
<timeLogEntries>
  <time id="52" path="/Non Project/PSP Fundamentals &amp; Advanced/Program 7/Planning" start="@1542235229652" delta="14" comment="Llenar plantillas de estimacion de tamano y tiempo" flag="A" />
  <time id="53" path="/Non Project/PSP Fundamentals &amp; Advanced/Program 7/Design" start="@1542236059152" delta="36" comment="Realizar el diseño del programa urilizando las plantillas introducidas por el PSP 2,1 Operacional Functional, Logica" flag="A" />
  <time id="54" path="/Non Project/PSP Fundamentals &amp; Advanced/Program 7/Design Review" start="@1542238235328" delta="24" comment="Revisar el diseño realizado utilizando las listas de chequeo de diseño." flag="A" />
  <time id="55" path="/Non Project/PSP Fundamentals &amp; Advanced/Program 7/Code" start="@1542257526668" delta="97" comment="Implementar el diseño " flag="A" />
  <time id="56" path="/Non Project/PSP Fundamentals &amp; Advanced/Program 7/Code Review" start="@1542263323360" delta="31" comment="Revisar el código para evitar pasar errores a la fase de compilacion utilizando las listas de chequeo y estandar de codificacion." flag="A" />
  <time id="57" path="/Non Project/PSP Fundamentals &amp; Advanced/Program 7/Compile" start="@1542265178479" delta="11" comment="Compilar y corregir errores encontrados" flag="A" />
  <time id="58" path="/Non Project/PSP Fundamentals &amp; Advanced/Program 7/Test" start="@1542265821141" delta="7" comment="Imlementar las pruebas y verificar que se correspondan con los valores esperados." flag="A" />
  <time id="59" path="/Non Project/PSP Fundamentals &amp; Advanced/Program 7/Postmortem" start="@1542266219517" delta="9" comment="Llenar las plantillas de tamano con los tamanos actuales. Revisar el log de tiempo y de los errores" flag="A" />
</timeLogEntries>
