<?xml version='1.0' encoding='UTF-8' ?>
<timeLogEntries>
  <time id="1" path="/Non Project/PSP Fundamentals &amp; Advanced/Program 1/Planning" start="@1539023289000" delta="13" comment="Completar el Plan Summary" />
  <time id="2" path="/Non Project/PSP Fundamentals &amp; Advanced/Program 1/Planning" start="@1539024090000" delta="10" comment="Comprender requermientos y agregar listado de requerimientos" />
  <time id="3" path="/Non Project/PSP Fundamentals &amp; Advanced/Program 1/Planning" start="@1539024688000" delta="12" comment="Estudiar funcionamiento de listas enlazadas" />
  <time id="4" path="/Non Project/PSP Fundamentals &amp; Advanced/Program 1/Design" start="@1539025290583" delta="26" comment="Realización del Análisis y Diseño del programa." />
  <time id="5" path="/Non Project/PSP Fundamentals &amp; Advanced/Program 1/Code" start="@1539034368281" delta="182" comment="Implementar el diseño y corregir errores del diseño" />
  <time id="6" path="/Non Project/PSP Fundamentals &amp; Advanced/Program 1/Compile" start="@1539045289649" delta="66" comment="Compilar la solución y corregir todos los errores encontrados." />
  <time id="7" path="/Non Project/PSP Fundamentals &amp; Advanced/Program 1/Test" start="@1539049464219" delta="24" comment="Implementar las pruebas, corregir errores encontrados y verificar que las pruebas pasan correctamente." />
  <time id="8" path="/Non Project/PSP Fundamentals &amp; Advanced/Program 1/Postmortem" start="@1539050900803" delta="7" comment="Revisar los tiempos, las descripciones de cada fase y lo errores encotrados." />
  <time id="9" path="/Non Project/PSP Fundamentals &amp; Advanced/Program 2/Planning" start="@1539823610112" delta="24" comment="Completar la fase planificación, diseño conceptual y llenar las plantillas necesarias" />
  <time id="10" path="/Non Project/PSP Fundamentals &amp; Advanced/Program 2/Design" start="@1539825255313" delta="14" comment="A partir del diseño conceptual completar el diseño." />
  <time id="11" path="/Non Project/PSP Fundamentals &amp; Advanced/Program 2/Planning" start="@1539826104724" delta="1" comment="A partir del deiseño conceptual, completar el diseño y corregir errores encontrados" />
  <time id="12" path="/Non Project/PSP Fundamentals &amp; Advanced/Program 2/Code" start="@1539826331980" delta="4" comment="Implementar el diseño y corregir errores insertados en fases anteriores." />
  <time id="13" path="/Non Project/PSP Fundamentals &amp; Advanced/Program 2/Code" start="@1539827489452" delta="116" comment="Implementar el diseño y corregir errores insertados en fases anteriores." />
  <time id="14" path="/Non Project/PSP Fundamentals &amp; Advanced/Program 2/Compile" start="@1539834431146" delta="32" comment="Compilar la solución y corregir errores insertados en la fase Codificación." />
  <time id="15" path="/Non Project/PSP Fundamentals &amp; Advanced/Program 2/Test" start="@1539836364929" delta="36" comment="Implementar las pruebas, comprobar que se se correspondan los resultados, Crear el Test Report Template." />
  <time id="16" path="/Non Project/PSP Fundamentals &amp; Advanced/Program 2/Postmortem" start="@1539839630973" delta="20" comment="Llenar el tamaño actual en Size Estimated Template, revisar las descripciones de los errores y los tiempos. Llenar el PIP form." />
</timeLogEntries>
