<?xml version='1.0' encoding='UTF-8' ?>
<timeLogEntries>
  <time id="17" path="/Non Project/PSP Fundamentals &amp; Advanced/Program 3/Planning" start="@1541014416867" delta="27" interrupt="4" comment="Llenar plantillas de estimacion de tamano y tiempo" flag="A" />
  <time id="18" path="/Non Project/PSP Fundamentals &amp; Advanced/Program 3/Design" start="@1541016345672" delta="22" comment="Realizar el diseño del programa, crear estructura y documentacion de metodos ademas de diagrama de clases." flag="A" />
  <time id="19" path="/Non Project/PSP Fundamentals &amp; Advanced/Program 3/Design Review" start="@1541017683943" delta="15" comment="Revisar el disño para evitar pasar errores a la fase de desarrollo" flag="A" />
  <time id="20" path="/Non Project/PSP Fundamentals &amp; Advanced/Program 3/Code" start="@1541018576750" delta="75" comment="Implementar el diseño." flag="A" />
  <time id="21" path="/Non Project/PSP Fundamentals &amp; Advanced/Program 3/Code Review" start="@1541023102986" delta="25" comment="Revisar el código para evitar pasar errores a la fase de compilacion." flag="A" />
  <time id="22" path="/Non Project/PSP Fundamentals &amp; Advanced/Program 3/Code Review" start="@1541025074192" delta="6" flag="A" />
  <time id="23" path="/Non Project/PSP Fundamentals &amp; Advanced/Program 3/Compile" start="@1541025438578" delta="25" comment="Compilar y corregir errores" flag="A" />
  <time id="24" path="/Non Project/PSP Fundamentals &amp; Advanced/Program 3/Test" start="@1541026938594" delta="17" comment="Verificar resultados." flag="A" />
  <time id="25" path="/Non Project/PSP Fundamentals &amp; Advanced/Program 3/Postmortem" start="@1541027945707" delta="7" comment="Llenar las plantillas de tamano con los tamanos actuales" flag="A" />
  <time id="26" path="/Non Project/PSP Fundamentals &amp; Advanced/Program 3/Postmortem" start="@1541030423028" delta="7" comment="Revisar el log de tiempo y de los errores" flag="A" />
</timeLogEntries>
