<?xml version='1.0' encoding='UTF-8' ?>
<timeLogEntries>
  <time id="44" path="/Non Project/PSP Fundamentals &amp; Advanced/Program 6/Planning" start="@1541981384396" delta="14" comment="Llenar plantillas de estimacion de tamano y tiempo" flag="A" />
  <time id="45" path="/Non Project/PSP Fundamentals &amp; Advanced/Program 6/Design" start="@1541982245644" delta="26" comment="Realizar el diseño del programa urilizando las plantillas introducidas por el PSP 2,1 Operacional Functional, Logica" flag="A" />
  <time id="46" path="/Non Project/PSP Fundamentals &amp; Advanced/Program 6/Design Review" start="@1541983783515" delta="4" comment="Revisar el diseño realizado utilizando las listas de chequeo de diseño." flag="A" />
  <time id="47" path="/Non Project/PSP Fundamentals &amp; Advanced/Program 6/Code" start="@1541983996291" delta="40" comment="Implementar el diseño " flag="A" />
  <time id="48" path="/Non Project/PSP Fundamentals &amp; Advanced/Program 6/Code Review" start="@1541986408828" delta="16" comment="Revisar el código para evitar pasar errores a la fase de compilacion utilizando las listas de chequeo y estandar de codificacion." flag="A" />
  <time id="49" path="/Non Project/PSP Fundamentals &amp; Advanced/Program 6/Compile" start="@1541987385865" delta="9" comment="Compilar y corregir errores encontrados" flag="A" />
  <time id="50" path="/Non Project/PSP Fundamentals &amp; Advanced/Program 6/Test" start="@1541987904946" delta="21" comment="Imlementar las pruebas y verificar que se correspondan con los valores esperados." flag="A" />
  <time id="51" path="/Non Project/PSP Fundamentals &amp; Advanced/Program 6/Postmortem" start="@1541990263808" delta="6" comment="Llenar las plantillas de tamano con los tamanos actuales. Revisar el log de tiempo y de los errores" flag="A" />
</timeLogEntries>
