<?xml version='1.0' encoding='UTF-8' ?>
<timeLogEntries>
  <time id="27" path="/Non Project/PSP Fundamentals &amp; Advanced/Program 4/Planning" start="@1541456463341" delta="19" comment="Llenar plantillas de estimacion de tamano y tiempo" flag="A" />
  <time id="28" path="/Non Project/PSP Fundamentals &amp; Advanced/Program 4/Design" start="@1541457593195" delta="12" comment="Realizar el diseño del programa, crear estructura y documentacion de metodos ademas de diagrama de clases." flag="A" />
  <time id="29" path="/Non Project/PSP Fundamentals &amp; Advanced/Program 4/Design Review" start="@1541458324566" delta="10" comment="Revisar el disño para evitar pasar errores a la fase de desarrollo" flag="A" />
  <time id="30" path="/Non Project/PSP Fundamentals &amp; Advanced/Program 4/Code" start="@1541458906960" delta="39" comment="Implementar el diseño." flag="A" />
  <time id="31" path="/Non Project/PSP Fundamentals &amp; Advanced/Program 4/Code Review" start="@1541461247321" delta="23" comment="Revisar el código para evitar pasar errores a la fase de compilacion." flag="A" />
  <time id="32" path="/Non Project/PSP Fundamentals &amp; Advanced/Program 4/Compile" start="@1541462651941" delta="17" comment="Compilar y corregir errores" flag="A" />
  <time id="33" path="/Non Project/PSP Fundamentals &amp; Advanced/Program 4/Test" start="@1541463663723" delta="8" flag="A" />
  <time id="34" path="/Non Project/PSP Fundamentals &amp; Advanced/Program 4/Postmortem" start="@1541464137011" delta="22" comment="Llenar las plantillas de tamano con los tamanos actuales. Revisar el log de tiempo y de los errores" flag="A" />
</timeLogEntries>
