<?xml version='1.0' encoding='UTF-8' ?>
<timeLogEntries>
  <time id="35" path="/Non Project/PSP Fundamentals &amp; Advanced/Program 5/Planning" start="@1541720963000" delta="25" comment="Llenar plantillas de estimacion de tamano y tiempo" flag="A" />
  <time id="36" path="/Non Project/PSP Fundamentals &amp; Advanced/Program 5/Design" start="@1541733300000" delta="113" comment="Realizar el diseño del programa urilizando las plantillas introducidas por el PSP 2,1 Operacional Functional, Logica" flag="A" />
  <time id="37" path="/Non Project/PSP Fundamentals &amp; Advanced/Program 5/Design Review" start="@1541740166000" delta="31" comment="Revisar el diseño realizado utilizando las listas de chequeo de diseño." flag="A" />
  <time id="38" flag="D" />
  <time id="39" path="/Non Project/PSP Fundamentals &amp; Advanced/Program 5/Code" start="@1541742029000" delta="43" comment="Implementar el diseño " flag="A" />
  <time id="40" path="/Non Project/PSP Fundamentals &amp; Advanced/Program 5/Code Review" start="@1541744591813" delta="33" comment="Revisar el código para evitar pasar errores a la fase de compilacion utilizando las listas de chequeo y estandar de codificacion." flag="A" />
  <time id="41" path="/Non Project/PSP Fundamentals &amp; Advanced/Program 5/Compile" start="@1541746578961" delta="7" comment="Compilar y corregir errores encontrados" flag="A" />
  <time id="42" path="/Non Project/PSP Fundamentals &amp; Advanced/Program 5/Test" start="@1541747028000" delta="7" comment="Imlementar las pruebas y verificar que se correspondan con los valores esperados." flag="A" />
  <time id="43" path="/Non Project/PSP Fundamentals &amp; Advanced/Program 5/Postmortem" start="@1541747447000" delta="14" comment="Llenar las plantillas de tamano con los tamanos actuales. Revisar el log de tiempo y de los errores" flag="A" />
</timeLogEntries>
